id,response
1701,"Use `''.join(chr((ord(c)-97+1)%26+97) if c.isalpha() else c for c in s.lower())`."
1702,"Sum even digits, sum odd digits, subtract."
1703,"Split sentences, take first letter of each."
1704,"Count vowels and consonants, compare totals."
1705,"Use regex: `re.sub('[^A-Za-z]', '', s)`."
1706,"Check first==last for each word, return longest."
1707,"Check if all `c` in word are <= 'm'."
1708,"Use slicing: `s[1::2]`."
1709,"Convert to string and count each digit using `Counter`."
1710,"Count positives and negatives, compare."
1711,"Check if all vowels are in `set(s.lower())`."
1712,"Use `collections.Counter(word)`."
1713,"Flatten digits, convert to set, count."
1714,"Reverse list, then reverse each string."
1715,"Loop with `enumerate`, print index and char."
1716,"Use `max(s)`."
1717,"Compare `sorted(list1) == sorted(list2)`."
1718,"Sum `s.count(char)` for each string `s`."
1719,"Use nested loops to print increasing stars."
1720,"Count upper and lower letters, compare."
1721,"Check if `list(word) == sorted(word, reverse=True)`."
1722,"Sum `n for n in list if n % 7 == 0`."
1723,"Check all substrings `s[i:j] == s[i:j][::-1]`."
1724,"Keep dividing by 2, check remainder."
1725,"Track max length of consecutive repeating chars."
1726,"Use slicing: `s[:n] + s[n+1:]`."
1727,"Use `collections.Counter(list(s))`."
1728,"Check `all(a > b for a, b in zip(lst, lst[1:]))`."
1729,"Capitalize words starting with vowels."
1730,"Add 0.5 and convert to int."
1731,"Split, reverse each word, join."
1732,"Check `s[-1].isdigit()`."
1733,"Use list comprehension: `[x**2 for x in range(1,51,2)]`."
1734,"Count upper and lower chars, compare."
1735,"Sum `ord(c)` for vowels in string."
1736,"Sort using `key=len(str(x))`."
1737,"Use `Counter`, keep items with count == 1."
1738,"Replace middle index with `*` using slicing."
1739,"Compare `list(s) == sorted(s)`."
1740,"Check if `w1 == w2[::-1]`."
1741,"List numbers 1–100, exclude those with `'5'`."
1742,"Count `c in string.punctuation` in paragraph."
1743,"Use nested loop, alternate `#` and `.` by index."
1744,"Use loop and `append` or `insert(0, x)` alternately."
1745,"Filter words with `any(a==b for a,b in zip(w,w[1:]))`."
1746,"Filter out vowels, return list of remaining chars."
1747,"Track seen words, only keep first occurrence."
1748,"For each word, take `word[1::2]`, join all."
1749,"Extract numbers with regex, sum evens."
1750,"Use list comprehension: `[int(b) for b in bool_list]`."
1751,"Check alternating pattern of vowels/consonants using `isalpha()` and position rules."
1752,"Use two lists or a dict with key `'even'` and `'odd'`, group by `n % 2`."
1753,"Use slicing: `lst[1:-1]`."
1754,"Split sentence, return first word not starting with a vowel."
1755,"Use loop: reverse = 0; while n: reverse = reverse*10 + n%10; n //= 10."
1756,"Use `max(lst)` and `lst.index()`."
1757,"Use `Counter`, filter chars with count == 2."
1758,"Check `str(n) == str(n)[::-1]` for all numbers."
1759,"Nested loops: combine digits `1–5` to make two-digit pairs."
1760,"Track seen digits, append if new."
1761,"Split sentence, check `word.isupper()`."
1762,"Use `sorted(lst, key=str.lower)`."
1763,"Convert all ints to string, count digits with `Counter`."
1764,"Loop increasing slice sizes, use list slicing."
1765,"Map vowels to 1–5, replace using loop or `str.translate()`."
1766,"Split string, exclude words with `'e'`, return longest."
1767,"Reverse each number, check if previously seen."
1768,"Check if first letters of all words are unique."
1769,"Use `bin(ord(c))[2:]` for each character."
1770,"Loop through words, group by `len(word)` in dict."
1771,"Remove vowels from each string with replace or regex."
1772,"Count words with `len(word) % 2 == 1`."
1773,"Filter words with `'z' in word`."
1774,"Compare list with its reverse."
1775,"Use `Counter`, return chars with count > 2."
1776,"Convert to string, sort descending, join back to int."
1777,"Use `s.islower()` and `s.isalpha()`."
1778,"Keep chars with count == 1 using `Counter`."
1779,"Use slicing: `lst[1::3]`."
1780,"Check if lengths equal, sum of unequal items == 1."
1781,"Convert each char to `str(ord(c))`, join."
1782,"Loop, track longest with `if len(s) > len(longest)`."
1783,"Convert to string, check if length of `set()` < original."
1784,"Capitalize words where `len(word) > 5`."
1785,"Filter `len(s) % 2 == 0`."
1786,"Use `s.swapcase()`."
1787,"Count `n % 10 == 0`."
1788,"Remove `min(lst)` using `lst.remove()`."
1789,"Split sentence, replace target word manually, join."
1790,"Use `lst + [0]*(10 - len(lst))`."
1791,"Filter characters with `c.isdigit()`."
1792,"Check if `len(sentence.split()) >= 5`."
1793,"Loop from end, remove digits until first non-digit."
1794,"Sum word lengths, divide by word count."
1795,"Check all substrings: `s[i:j] == s[i:j][::-1]`."
1796,"Use `Counter`, count letters with count > 1."
1797,"Zip two strings, combine alternately."
1798,"Check words with `word[0] == word[-1]`, return shortest."
1799,"Reverse letters only, keep space positions same."
1800,"Return `[lst[::2], lst[1::2]]`."


